[{"firstName":"Patrik","lastName":"Hasselblad","socialSec":838497,"memberId":1,"boatList":[{"boatType":"CANOE","length":123.0,"boatId":1},{"boatType":"KAYAK","length":1.0,"boatId":2}]},{"firstName":"Ratt","lastName":"Muff","socialSec":123456,"memberId":2,"boatList":[]},{"firstName":"Tore","lastName":"Skogman","socialSec":340102,"memberId":3,"boatList":[{"boatType":"MOTORSAILER","length":3.0,"boatId":1}]},{"firstName":"Ralf","lastName":"Rolf","socialSec":666666,"memberId":4,"boatList":[{"boatType":"CANOE","length":23.0,"boatId":1}]},{"firstName":"Dennis","lastName":"Demir","socialSec":123456,"memberId":5,"boatList":[]}]